prefabAName,prefabBName,prefabCName
"originalGif/TreeGif/Low Poly Style Tree Pack_2_0.gif","originalGif/TreeGif/Low Poly Style Tree Pack_5_0.gif","originalGif/TreeGif/low poly tree mobile version_122_0.gif"
"originalGif/TreeGif/Low Poly Style Tree Pack_11_0.gif","originalGif/TreeGif/Low Poly Style Tree Pack_7_0.gif","originalGif/TreeGif/LOW POLY TREES SEASONS_42_0.gif"
"originalGif/TreeGif/Low Poly Style Tree Pack_7_0.gif","originalGif/TreeGif/Low Poly Style Tree Pack_9_0.gif","originalGif/TreeGif/Low Poly Forest - Karelia_44_0.gif"
"originalGif/TreeGif/Low Poly Style Tree Pack_1_0.gif","originalGif/TreeGif/Low Poly Style Tree Pack_4_0.gif","originalGif/TreeGif/Low Poly Nature Environment Pack_26_0.gif"
"originalGif/TreeGif/Low Poly Style Tree Pack_7_0.gif","originalGif/TreeGif/Low Poly Style Tree Pack_9_0.gif","originalGif/TreeGif/Low Poly Forest - Karelia_24_0.gif"
"originalGif/TreeGif/Low Poly Style Tree Pack_16_0.gif","originalGif/TreeGif/Low Poly Style Tree Pack_6_0.gif","originalGif/TreeGif/Low Poly Forest - Karelia_60_0.gif"
"originalGif/TreeGif/Low Poly Style Tree Pack_2_0.gif","originalGif/TreeGif/Low Poly Style Tree Pack_5_0.gif","originalGif/TreeGif/LOW POLY TREES SEASONS_38_0.gif"
"originalGif/TreeGif/Low Poly Style Tree Pack_5_0.gif","originalGif/TreeGif/Low Poly Style Tree Pack_9_0.gif","originalGif/TreeGif/low poly tree mobile version_75_0.gif"
"originalGif/TreeGif/Low Poly Style Tree Pack_16_0.gif","originalGif/TreeGif/Low Poly Style Tree Pack_6_0.gif","originalGif/TreeGif/low poly tree mobile version_56_0.gif"
"originalGif/TreeGif/Low Poly Style Tree Pack_13_0.gif","originalGif/TreeGif/Low Poly Style Tree Pack_14_0.gif","originalGif/TreeGif/low poly tree mobile version_62_0.gif"
"originalGif/TreeGif/Low Poly Style Tree Pack_0_0.gif","originalGif/TreeGif/Low Poly Style Tree Pack_16_0.gif","originalGif/TreeGif/LOW POLY TREES SEASONS_30_0.gif"
"originalGif/TreeGif/Low Poly Style Tree Pack_2_0.gif","originalGif/TreeGif/Low Poly Style Tree Pack_6_0.gif","originalGif/TreeGif/low poly tree mobile version_90_0.gif"
"originalGif/TreeGif/Low Poly Style Tree Pack_7_0.gif","originalGif/TreeGif/Low Poly Style Tree Pack_8_0.gif","originalGif/TreeGif/Low Poly Forest - Karelia_57_0.gif"
"originalGif/TreeGif/Low Poly Style Tree Pack_2_0.gif","originalGif/TreeGif/Low Poly Style Tree Pack_5_0.gif","originalGif/TreeGif/LOW POLY TREES SEASONS_15_0.gif"
"originalGif/TreeGif/Low Poly Style Tree Pack_13_0.gif","originalGif/TreeGif/Low Poly Style Tree Pack_2_0.gif","originalGif/TreeGif/low poly tree mobile version_61_0.gif"
"originalGif/TreeGif/Low Poly Style Tree Pack_14_0.gif","originalGif/TreeGif/Low Poly Style Tree Pack_1_0.gif","originalGif/TreeGif/LOW POLY TREES SEASONS_28_0.gif"
"originalGif/TreeGif/Low Poly Style Tree Pack_4_0.gif","originalGif/TreeGif/Low Poly Style Tree Pack_9_0.gif","originalGif/TreeGif/LOW POLY TREES SEASONS_83_0.gif"
"originalGif/TreeGif/Low Poly Style Tree Pack_14_0.gif","originalGif/TreeGif/Low Poly Style Tree Pack_3_0.gif","originalGif/TreeGif/Low Poly Tree Pack_36_0.gif"
"originalGif/TreeGif/Low Poly Style Tree Pack_0_0.gif","originalGif/TreeGif/Low Poly Style Tree Pack_11_0.gif","originalGif/TreeGif/LOW POLY TREES SEASONS_26_0.gif"
"originalGif/TreeGif/Low Poly Style Tree Pack_3_0.gif","originalGif/TreeGif/Low Poly Style Tree Pack_4_0.gif","originalGif/TreeGif/low poly tree mobile version_107_0.gif"
"originalGif/TreeGif/Low Poly Style Tree Pack_12_0.gif","originalGif/TreeGif/Low Poly Style Tree Pack_3_0.gif","originalGif/TreeGif/low poly tree mobile version_42_0.gif"
"originalGif/TreeGif/Low Poly Style Tree Pack_2_0.gif","originalGif/TreeGif/Low Poly Style Tree Pack_3_0.gif","originalGif/TreeGif/Low Poly Tree Pack_11_0.gif"
"originalGif/TreeGif/LOW POLY TREES SEASONS_33_0.gif","originalGif/TreeGif/LOW POLY TREES SEASONS_72_0.gif","originalGif/TreeGif/low poly tree mobile version_64_0.gif"
"originalGif/TreeGif/LOW POLY TREES SEASONS_17_0.gif","originalGif/TreeGif/LOW POLY TREES SEASONS_72_0.gif",originalGif/TreeGif/Trees_35_0.gif
"originalGif/TreeGif/LOW POLY TREES SEASONS_24_0.gif","originalGif/TreeGif/LOW POLY TREES SEASONS_75_0.gif","originalGif/TreeGif/Trees Bundle_25_0.gif"
"originalGif/TreeGif/LOW POLY TREES SEASONS_4_0.gif","originalGif/TreeGif/LOW POLY TREES SEASONS_79_0.gif","originalGif/TreeGif/Bamboo Tree Pack_6_0.gif"
"originalGif/TreeGif/LOW POLY TREES SEASONS_29_0.gif","originalGif/TreeGif/LOW POLY TREES SEASONS_73_0.gif","originalGif/TreeGif/Low Poly Forest - Karelia_102_0.gif"
"originalGif/TreeGif/LOW POLY TREES SEASONS_11_0.gif","originalGif/TreeGif/LOW POLY TREES SEASONS_30_0.gif","originalGif/TreeGif/low poly tree mobile version_19_0.gif"
"originalGif/TreeGif/LOW POLY TREES SEASONS_18_0.gif","originalGif/TreeGif/LOW POLY TREES SEASONS_5_0.gif","originalGif/TreeGif/low poly tree mobile version_83_0.gif"
"originalGif/TreeGif/LOW POLY TREES SEASONS_12_0.gif","originalGif/TreeGif/LOW POLY TREES SEASONS_80_0.gif","originalGif/TreeGif/Low Poly Forest - Karelia_101_0.gif"
"originalGif/TreeGif/LOW POLY TREES SEASONS_11_0.gif","originalGif/TreeGif/LOW POLY TREES SEASONS_81_0.gif","originalGif/TreeGif/Low Poly Forest - Karelia_47_0.gif"
"originalGif/TreeGif/LOW POLY TREES SEASONS_65_0.gif","originalGif/TreeGif/LOW POLY TREES SEASONS_77_0.gif","originalGif/TreeGif/Low Poly Tree Pack_8_0.gif"
"originalGif/TreeGif/LOW POLY TREES SEASONS_14_0.gif","originalGif/TreeGif/LOW POLY TREES SEASONS_59_0.gif","originalGif/TreeGif/low poly tree mobile version_55_0.gif"
"originalGif/TreeGif/LOW POLY TREES SEASONS_20_0.gif","originalGif/TreeGif/LOW POLY TREES SEASONS_46_0.gif","originalGif/TreeGif/low poly tree mobile version_30_0.gif"
"originalGif/TreeGif/LOW POLY TREES SEASONS_25_0.gif","originalGif/TreeGif/LOW POLY TREES SEASONS_47_0.gif","originalGif/TreeGif/low poly tree mobile version_130_0.gif"
"originalGif/TreeGif/LOW POLY TREES SEASONS_48_0.gif","originalGif/TreeGif/LOW POLY TREES SEASONS_79_0.gif","originalGif/TreeGif/low poly tree mobile version_124_0.gif"
"originalGif/TreeGif/LOW POLY TREES SEASONS_10_0.gif","originalGif/TreeGif/LOW POLY TREES SEASONS_55_0.gif","originalGif/TreeGif/low poly tree mobile version_94_0.gif"
"originalGif/TreeGif/LOW POLY TREES SEASONS_23_0.gif","originalGif/TreeGif/LOW POLY TREES SEASONS_4_0.gif","originalGif/TreeGif/Low Poly Forest - Karelia_75_0.gif"
"originalGif/TreeGif/LOW POLY TREES SEASONS_53_0.gif","originalGif/TreeGif/LOW POLY TREES SEASONS_81_0.gif","originalGif/TreeGif/low poly tree mobile version_119_0.gif"
"originalGif/TreeGif/LOW POLY TREES SEASONS_76_0.gif","originalGif/TreeGif/LOW POLY TREES SEASONS_8_0.gif","originalGif/TreeGif/Low Poly Forest - Karelia_14_0.gif"
"originalGif/TreeGif/Trees Bundle_35_0.gif","originalGif/TreeGif/Trees Bundle_46_0.gif","originalGif/TreeGif/Low Poly Nature Environment Pack_35_0.gif"
"originalGif/TreeGif/Trees Bundle_26_0.gif","originalGif/TreeGif/Trees Bundle_31_0.gif","originalGif/TreeGif/White Ash Tree Pack_0_0.gif"
"originalGif/TreeGif/Trees Bundle_46_0.gif","originalGif/TreeGif/Trees Bundle_54_0.gif",originalGif/TreeGif/Trees_27_0.gif
"originalGif/TreeGif/Trees Bundle_17_0.gif","originalGif/TreeGif/Trees Bundle_25_0.gif","originalGif/TreeGif/Low Poly Nature Environment Pack_4_0.gif"
"originalGif/TreeGif/Trees Bundle_1_0.gif","originalGif/TreeGif/Trees Bundle_45_0.gif",originalGif/TreeGif/Trees_47_0.gif
"originalGif/TreeGif/Trees Bundle_15_0.gif","originalGif/TreeGif/Trees Bundle_30_0.gif",originalGif/TreeGif/Trees_43_0.gif
originalGif/TreeGif/Trees_26_0.gif,originalGif/TreeGif/Trees_2_0.gif,"originalGif/TreeGif/Trees Bundle_22_0.gif"
"originalGif/TreeGif/White Ash Tree Pack_11_0.gif","originalGif/TreeGif/White Ash Tree Pack_7_0.gif","originalGif/TreeGif/LOW POLY TREES SEASONS_73_0.gif"
"originalGif/TreeGif/White Ash Tree Pack_13_0.gif","originalGif/TreeGif/White Ash Tree Pack_4_0.gif","originalGif/TreeGif/Bamboo Tree Pack_1_0.gif"
"originalGif/TreeGif/White Ash Tree Pack_13_0.gif","originalGif/TreeGif/White Ash Tree Pack_4_0.gif","originalGif/TreeGif/Trees Bundle_8_0.gif"
"originalGif/TreeGif/White Ash Tree Pack_11_0.gif","originalGif/TreeGif/White Ash Tree Pack_6_0.gif","originalGif/TreeGif/Low Poly Forest - Karelia_23_0.gif"
"originalGif/TreeGif/White Ash Tree Pack_6_0.gif","originalGif/TreeGif/White Ash Tree Pack_9_0.gif","originalGif/TreeGif/Realistic Tree 8_4_0.gif"
"originalGif/TreeGif/White Ash Tree Pack_13_0.gif","originalGif/TreeGif/White Ash Tree Pack_3_0.gif",originalGif/TreeGif/Trees_11_0.gif
"originalGif/TreeGif/White Ash Tree Pack_2_0.gif","originalGif/TreeGif/White Ash Tree Pack_6_0.gif","originalGif/TreeGif/Trees and Stumps_7_0.gif"
"originalGif/TreeGif/White Ash Tree Pack_4_0.gif","originalGif/TreeGif/White Ash Tree Pack_9_0.gif",originalGif/TreeGif/Trees_25_0.gif
"originalGif/TreeGif/White Ash Tree Pack_0_0.gif","originalGif/TreeGif/White Ash Tree Pack_13_0.gif","originalGif/TreeGif/Trees Bundle_33_0.gif"
"originalGif/TreeGif/Low Poly Tree Pack_15_0.gif","originalGif/TreeGif/Low Poly Tree Pack_4_0.gif","originalGif/TreeGif/Low Poly Forest - Karelia_99_0.gif"
"originalGif/TreeGif/Low Poly Tree Pack_28_0.gif","originalGif/TreeGif/Low Poly Tree Pack_36_0.gif","originalGif/TreeGif/Yughues Free Palm Trees_9_0.gif"
"originalGif/TreeGif/Low Poly Tree Pack_30_0.gif","originalGif/TreeGif/Low Poly Tree Pack_9_0.gif","originalGif/TreeGif/low poly tree mobile version_89_0.gif"
"originalGif/TreeGif/Low Poly Tree Pack_22_0.gif","originalGif/TreeGif/Low Poly Tree Pack_32_0.gif","originalGif/TreeGif/low poly tree mobile version_110_0.gif"
"originalGif/TreeGif/Low Poly Tree Pack_14_0.gif","originalGif/TreeGif/Low Poly Tree Pack_35_0.gif","originalGif/TreeGif/Low Poly Forest - Karelia_76_0.gif"
"originalGif/TreeGif/Low Poly Tree Pack_16_0.gif","originalGif/TreeGif/Low Poly Tree Pack_25_0.gif","originalGif/TreeGif/low poly tree mobile version_131_0.gif"
"originalGif/TreeGif/Low Poly Tree Pack_26_0.gif","originalGif/TreeGif/Low Poly Tree Pack_36_0.gif","originalGif/TreeGif/LOW POLY TREES SEASONS_53_0.gif"
"originalGif/TreeGif/Low Poly Tree Pack_22_0.gif","originalGif/TreeGif/Low Poly Tree Pack_29_0.gif","originalGif/TreeGif/low poly tree mobile version_123_0.gif"
"originalGif/TreeGif/Low Poly Tree Pack_1_0.gif","originalGif/TreeGif/Low Poly Tree Pack_35_0.gif","originalGif/TreeGif/Low Poly Forest - Karelia_93_0.gif"
"originalGif/TreeGif/Low Poly Tree Pack_29_0.gif","originalGif/TreeGif/Low Poly Tree Pack_30_0.gif","originalGif/TreeGif/Low Poly Forest - Karelia_67_0.gif"
"originalGif/TreeGif/Low Poly Tree Pack_10_0.gif","originalGif/TreeGif/Low Poly Tree Pack_28_0.gif","originalGif/TreeGif/LOW POLY TREES SEASONS_59_0.gif"
"originalGif/TreeGif/Realistic Trees Pack 01_2_0.gif","originalGif/TreeGif/Realistic Trees Pack 01_3_0.gif",originalGif/TreeGif/Trees_18_0.gif
"originalGif/TreeGif/Realistic Trees Pack 01_0_0.gif","originalGif/TreeGif/Realistic Trees Pack 01_1_0.gif",originalGif/TreeGif/Trees_44_0.gif
"originalGif/TreeGif/Realistic Trees Pack 01_0_0.gif","originalGif/TreeGif/Realistic Trees Pack 01_3_0.gif","originalGif/TreeGif/Trees Bundle_29_0.gif"
"originalGif/TreeGif/Realistic Trees Pack 01_2_0.gif","originalGif/TreeGif/Realistic Trees Pack 01_3_0.gif","originalGif/TreeGif/Fir Tree_0_0.gif"
"originalGif/TreeGif/Realistic Trees Pack 01_0_0.gif","originalGif/TreeGif/Realistic Trees Pack 01_1_0.gif",originalGif/TreeGif/Trees_23_0.gif
"originalGif/TreeGif/Realistic Trees Pack 01_1_0.gif","originalGif/TreeGif/Realistic Trees Pack 01_3_0.gif","originalGif/TreeGif/Trees Bundle_47_0.gif"
"originalGif/TreeGif/Realistic Trees Pack 01_1_0.gif","originalGif/TreeGif/Realistic Trees Pack 01_3_0.gif","originalGif/TreeGif/Realistic Tree 8_4_0.gif"
"originalGif/TreeGif/Realistic Trees Pack 01_0_0.gif","originalGif/TreeGif/Realistic Trees Pack 01_3_0.gif","originalGif/TreeGif/Trees Bundle_31_0.gif"
"originalGif/TreeGif/Realistic Trees Pack 01_0_0.gif","originalGif/TreeGif/Realistic Trees Pack 01_3_0.gif","originalGif/TreeGif/Realistic Tree 10_1_0.gif"
"originalGif/TreeGif/Realistic Trees Pack 01_1_0.gif","originalGif/TreeGif/Realistic Trees Pack 01_2_0.gif","originalGif/TreeGif/Trees and Stumps_9_0.gif"
"originalGif/TreeGif/Low Poly Forest - Karelia_33_0.gif","originalGif/TreeGif/Low Poly Forest - Karelia_56_0.gif","originalGif/TreeGif/Low Poly Tree Pack_18_0.gif"
"originalGif/TreeGif/Low Poly Forest - Karelia_30_0.gif","originalGif/TreeGif/Low Poly Forest - Karelia_99_0.gif","originalGif/TreeGif/Low Poly Nature Environment Pack_33_0.gif"
"originalGif/TreeGif/Low Poly Forest - Karelia_101_0.gif","originalGif/TreeGif/Low Poly Forest - Karelia_52_0.gif","originalGif/TreeGif/Yughues Free Palm Trees_5_0.gif"
"originalGif/TreeGif/Low Poly Forest - Karelia_118_0.gif","originalGif/TreeGif/Low Poly Forest - Karelia_77_0.gif","originalGif/TreeGif/low poly tree mobile version_61_0.gif"
"originalGif/TreeGif/Low Poly Forest - Karelia_54_0.gif","originalGif/TreeGif/Low Poly Forest - Karelia_57_0.gif","originalGif/TreeGif/Low Poly Nature Environment Pack_9_0.gif"
"originalGif/TreeGif/Low Poly Forest - Karelia_21_0.gif","originalGif/TreeGif/Low Poly Forest - Karelia_74_0.gif","originalGif/TreeGif/Trees Bundle_56_0.gif"
"originalGif/TreeGif/Low Poly Forest - Karelia_104_0.gif","originalGif/TreeGif/Low Poly Forest - Karelia_25_0.gif","originalGif/TreeGif/LOW POLY TREES SEASONS_69_0.gif"
"originalGif/TreeGif/Low Poly Forest - Karelia_118_0.gif","originalGif/TreeGif/Low Poly Forest - Karelia_29_0.gif","originalGif/TreeGif/Low Poly Nature Environment Pack_39_0.gif"
"originalGif/TreeGif/Low Poly Forest - Karelia_23_0.gif","originalGif/TreeGif/Low Poly Forest - Karelia_85_0.gif","originalGif/TreeGif/Low Poly Tree Pack_35_0.gif"
"originalGif/TreeGif/Low Poly Forest - Karelia_10_0.gif","originalGif/TreeGif/Low Poly Forest - Karelia_45_0.gif","originalGif/TreeGif/Low Poly Nature Environment Pack_24_0.gif"
"originalGif/TreeGif/Low Poly Forest - Karelia_29_0.gif","originalGif/TreeGif/Low Poly Forest - Karelia_46_0.gif","originalGif/TreeGif/Bamboo Tree Pack_6_0.gif"
"originalGif/TreeGif/Low Poly Forest - Karelia_0_0.gif","originalGif/TreeGif/Low Poly Forest - Karelia_3_0.gif","originalGif/TreeGif/low poly tree mobile version_11_0.gif"
"originalGif/TreeGif/Low Poly Forest - Karelia_12_0.gif","originalGif/TreeGif/Low Poly Forest - Karelia_33_0.gif","originalGif/TreeGif/LOW POLY TREES SEASONS_64_0.gif"
"originalGif/TreeGif/Low Poly Forest - Karelia_4_0.gif","originalGif/TreeGif/Low Poly Forest - Karelia_83_0.gif","originalGif/TreeGif/LowPoly Trees and Bushes_3_0.gif"
"originalGif/TreeGif/Low Poly Forest - Karelia_16_0.gif","originalGif/TreeGif/Low Poly Forest - Karelia_68_0.gif","originalGif/TreeGif/LowPoly Trees and Bushes_2_0.gif"
"originalGif/TreeGif/Low Poly Forest - Karelia_112_0.gif","originalGif/TreeGif/Low Poly Forest - Karelia_28_0.gif","originalGif/TreeGif/low poly tree mobile version_50_0.gif"
"originalGif/TreeGif/Low Poly Forest - Karelia_108_0.gif","originalGif/TreeGif/Low Poly Forest - Karelia_72_0.gif","originalGif/TreeGif/Low Poly Tree Pack_5_0.gif"
"originalGif/TreeGif/Low Poly Forest - Karelia_27_0.gif","originalGif/TreeGif/Low Poly Forest - Karelia_90_0.gif","originalGif/TreeGif/low poly tree mobile version_96_0.gif"
"originalGif/TreeGif/Low Poly Forest - Karelia_114_0.gif","originalGif/TreeGif/Low Poly Forest - Karelia_49_0.gif","originalGif/TreeGif/low poly tree mobile version_129_0.gif"
"originalGif/TreeGif/Low Poly Forest - Karelia_113_0.gif","originalGif/TreeGif/Low Poly Forest - Karelia_2_0.gif","originalGif/TreeGif/Low Poly Tree Pack_23_0.gif"
"originalGif/TreeGif/Low Poly Forest - Karelia_37_0.gif","originalGif/TreeGif/Low Poly Forest - Karelia_80_0.gif","originalGif/TreeGif/low poly tree mobile version_125_0.gif"
"originalGif/TreeGif/Low Poly Forest - Karelia_31_0.gif","originalGif/TreeGif/Low Poly Forest - Karelia_53_0.gif","originalGif/TreeGif/Low Poly Style Tree Pack_9_0.gif"
"originalGif/TreeGif/Trees and Stumps_0_0.gif","originalGif/TreeGif/Trees and Stumps_7_0.gif","originalGif/TreeGif/Low Poly Tree Pack_19_0.gif"
"originalGif/TreeGif/Trees and Stumps_3_0.gif","originalGif/TreeGif/Trees and Stumps_9_0.gif","originalGif/TreeGif/White Ash Tree Pack_5_0.gif"
"originalGif/TreeGif/Trees and Stumps_1_0.gif","originalGif/TreeGif/Trees and Stumps_8_0.gif","originalGif/TreeGif/Realistic Trees Pack 01_1_0.gif"
"originalGif/TreeGif/Trees and Stumps_10_0.gif","originalGif/TreeGif/Trees and Stumps_1_0.gif",originalGif/TreeGif/Trees_34_0.gif
"originalGif/TreeGif/Trees and Stumps_12_0.gif","originalGif/TreeGif/Trees and Stumps_4_0.gif","originalGif/TreeGif/Free Trees_2_0.gif"
"originalGif/TreeGif/Trees and Stumps_0_0.gif","originalGif/TreeGif/Trees and Stumps_3_0.gif","originalGif/TreeGif/Trees Bundle_51_0.gif"
"originalGif/TreeGif/Trees and Stumps_7_0.gif","originalGif/TreeGif/Trees and Stumps_9_0.gif","originalGif/TreeGif/low poly tree mobile version_128_0.gif"
"originalGif/TreeGif/Trees and Stumps_15_0.gif","originalGif/TreeGif/Trees and Stumps_1_0.gif","originalGif/TreeGif/Low Poly Nature Environment Pack_20_0.gif"
"originalGif/TreeGif/Trees and Stumps_0_0.gif","originalGif/TreeGif/Trees and Stumps_3_0.gif","originalGif/TreeGif/low poly tree mobile version_138_0.gif"
"originalGif/TreeGif/Trees and Stumps_15_0.gif","originalGif/TreeGif/Trees and Stumps_7_0.gif",originalGif/TreeGif/Trees_38_0.gif
"originalGif/TreeGif/Trees and Stumps_11_0.gif","originalGif/TreeGif/Trees and Stumps_9_0.gif",originalGif/TreeGif/Trees_18_0.gif
"originalGif/TreeGif/Trees and Stumps_13_0.gif","originalGif/TreeGif/Trees and Stumps_5_0.gif",originalGif/TreeGif/Trees_45_0.gif
"originalGif/TreeGif/Trees and Stumps_13_0.gif","originalGif/TreeGif/Trees and Stumps_3_0.gif","originalGif/TreeGif/Low Poly Nature Environment Pack_35_0.gif"
"originalGif/TreeGif/Trees and Stumps_11_0.gif","originalGif/TreeGif/Trees and Stumps_5_0.gif","originalGif/TreeGif/Trees Bundle_22_0.gif"
"originalGif/TreeGif/Trees and Stumps_12_0.gif","originalGif/TreeGif/Trees and Stumps_5_0.gif","originalGif/TreeGif/Yughues Free Palm Trees_0_0.gif"
"originalGif/TreeGif/Low Poly Nature Environment Pack_2_0.gif","originalGif/TreeGif/Low Poly Nature Environment Pack_7_0.gif","originalGif/TreeGif/Yughues Free Palm Trees_9_0.gif"
"originalGif/TreeGif/Low Poly Nature Environment Pack_21_0.gif","originalGif/TreeGif/Low Poly Nature Environment Pack_31_0.gif","originalGif/TreeGif/low poly tree mobile version_8_0.gif"
"originalGif/TreeGif/Low Poly Nature Environment Pack_17_0.gif","originalGif/TreeGif/Low Poly Nature Environment Pack_9_0.gif","originalGif/TreeGif/low poly tree mobile version_123_0.gif"
"originalGif/TreeGif/Low Poly Nature Environment Pack_33_0.gif","originalGif/TreeGif/Low Poly Nature Environment Pack_9_0.gif","originalGif/TreeGif/LOW POLY TREES SEASONS_71_0.gif"
"originalGif/TreeGif/Low Poly Nature Environment Pack_11_0.gif","originalGif/TreeGif/Low Poly Nature Environment Pack_32_0.gif","originalGif/TreeGif/Low Poly Forest - Karelia_96_0.gif"
"originalGif/TreeGif/Low Poly Nature Environment Pack_12_0.gif","originalGif/TreeGif/Low Poly Nature Environment Pack_1_0.gif","originalGif/TreeGif/Low Poly Forest - Karelia_18_0.gif"
"originalGif/TreeGif/Low Poly Nature Environment Pack_37_0.gif","originalGif/TreeGif/Low Poly Nature Environment Pack_38_0.gif","originalGif/TreeGif/LOW POLY TREES SEASONS_69_0.gif"
"originalGif/TreeGif/Low Poly Nature Environment Pack_39_0.gif","originalGif/TreeGif/Low Poly Nature Environment Pack_3_0.gif","originalGif/TreeGif/low poly tree mobile version_95_0.gif"
"originalGif/TreeGif/Low Poly Nature Environment Pack_0_0.gif","originalGif/TreeGif/Low Poly Nature Environment Pack_25_0.gif","originalGif/TreeGif/low poly tree mobile version_128_0.gif"
"originalGif/TreeGif/Low Poly Nature Environment Pack_16_0.gif","originalGif/TreeGif/Low Poly Nature Environment Pack_6_0.gif","originalGif/TreeGif/low poly tree mobile version_81_0.gif"
"originalGif/TreeGif/Low Poly Nature Environment Pack_21_0.gif","originalGif/TreeGif/Low Poly Nature Environment Pack_41_0.gif","originalGif/TreeGif/low poly tree mobile version_130_0.gif"
"originalGif/TreeGif/Low Poly Nature Environment Pack_20_0.gif","originalGif/TreeGif/Low Poly Nature Environment Pack_38_0.gif","originalGif/TreeGif/low poly tree mobile version_104_0.gif"
"originalGif/TreeGif/Low Poly Nature Environment Pack_18_0.gif","originalGif/TreeGif/Low Poly Nature Environment Pack_36_0.gif","originalGif/TreeGif/low poly tree mobile version_69_0.gif"
"originalGif/TreeGif/Low Poly Nature Environment Pack_17_0.gif","originalGif/TreeGif/Low Poly Nature Environment Pack_32_0.gif","originalGif/TreeGif/Low Poly Forest - Karelia_14_0.gif"
"originalGif/TreeGif/Low Poly Nature Environment Pack_0_0.gif","originalGif/TreeGif/Low Poly Nature Environment Pack_28_0.gif","originalGif/TreeGif/LOW POLY TREES SEASONS_6_0.gif"
"originalGif/TreeGif/Low Poly Nature Environment Pack_18_0.gif","originalGif/TreeGif/Low Poly Nature Environment Pack_22_0.gif","originalGif/TreeGif/Low Poly Forest - Karelia_111_0.gif"
"originalGif/TreeGif/Low Poly Nature Environment Pack_15_0.gif","originalGif/TreeGif/Low Poly Nature Environment Pack_37_0.gif","originalGif/TreeGif/low poly tree mobile version_43_0.gif"
"originalGif/TreeGif/Low Poly Nature Environment Pack_29_0.gif","originalGif/TreeGif/Low Poly Nature Environment Pack_40_0.gif","originalGif/TreeGif/LowPoly Trees and Bushes_8_0.gif"
"originalGif/TreeGif/Low Poly Nature Environment Pack_23_0.gif","originalGif/TreeGif/Low Poly Nature Environment Pack_39_0.gif","originalGif/TreeGif/LOW POLY TREES SEASONS_41_0.gif"
"originalGif/TreeGif/Low Poly Nature Environment Pack_28_0.gif","originalGif/TreeGif/Low Poly Nature Environment Pack_42_0.gif","originalGif/TreeGif/Low Poly Style Tree Pack_11_0.gif"
"originalGif/TreeGif/Low Poly Nature Environment Pack_2_0.gif","originalGif/TreeGif/Low Poly Nature Environment Pack_32_0.gif","originalGif/TreeGif/low poly tree mobile version_116_0.gif"
"originalGif/TreeGif/Low Poly Nature Environment Pack_22_0.gif","originalGif/TreeGif/Low Poly Nature Environment Pack_6_0.gif","originalGif/TreeGif/low poly tree mobile version_78_0.gif"
"originalGif/TreeGif/Low Poly Nature Environment Pack_18_0.gif","originalGif/TreeGif/Low Poly Nature Environment Pack_29_0.gif","originalGif/TreeGif/low poly tree mobile version_53_0.gif"
"originalGif/TreeGif/Low Poly Nature Environment Pack_30_0.gif","originalGif/TreeGif/Low Poly Nature Environment Pack_5_0.gif","originalGif/TreeGif/low poly tree mobile version_140_0.gif"
"originalGif/TreeGif/Low Poly Nature Environment Pack_22_0.gif","originalGif/TreeGif/Low Poly Nature Environment Pack_9_0.gif","originalGif/TreeGif/LOW POLY TREES SEASONS_45_0.gif"
"originalGif/TreeGif/Low Poly Nature Environment Pack_40_0.gif","originalGif/TreeGif/Low Poly Nature Environment Pack_4_0.gif","originalGif/TreeGif/Mountain Ash Tree_0_0.gif"
"originalGif/TreeGif/Low Poly Nature Environment Pack_29_0.gif","originalGif/TreeGif/Low Poly Nature Environment Pack_35_0.gif","originalGif/TreeGif/low poly tree mobile version_65_0.gif"
"originalGif/TreeGif/Low Poly Nature Environment Pack_29_0.gif","originalGif/TreeGif/Low Poly Nature Environment Pack_3_0.gif","originalGif/TreeGif/Realistic Tree 10_0_0.gif"
"originalGif/TreeGif/Low Poly Nature Environment Pack_13_0.gif","originalGif/TreeGif/Low Poly Nature Environment Pack_29_0.gif","originalGif/TreeGif/Low Poly Forest - Karelia_51_0.gif"
"originalGif/TreeGif/Free Trees_0_0.gif","originalGif/TreeGif/Free Trees_3_0.gif","originalGif/TreeGif/Low Poly Tree Pack_11_0.gif"
"originalGif/TreeGif/Free Trees_0_0.gif","originalGif/TreeGif/Free Trees_2_0.gif","originalGif/TreeGif/Low Poly Tree Pack_6_0.gif"
"originalGif/TreeGif/Free Trees_2_0.gif","originalGif/TreeGif/Free Trees_3_0.gif","originalGif/TreeGif/low poly tree mobile version_137_0.gif"
"originalGif/TreeGif/Tropical Plants - Pack 01_0_0.gif","originalGif/TreeGif/Tropical Plants - Pack 01_3_0.gif","originalGif/TreeGif/Yughues Free Palm Trees_1_0.gif"
"originalGif/TreeGif/Tropical Plants - Pack 01_0_0.gif","originalGif/TreeGif/Tropical Plants - Pack 01_3_0.gif",originalGif/TreeGif/Trees_48_0.gif
"originalGif/TreeGif/low poly tree mobile version_39_0.gif","originalGif/TreeGif/low poly tree mobile version_85_0.gif","originalGif/TreeGif/Low Poly Tree Pack_26_0.gif"
"originalGif/TreeGif/low poly tree mobile version_104_0.gif","originalGif/TreeGif/low poly tree mobile version_69_0.gif","originalGif/TreeGif/LOW POLY TREES SEASONS_16_0.gif"
"originalGif/TreeGif/low poly tree mobile version_39_0.gif","originalGif/TreeGif/low poly tree mobile version_81_0.gif","originalGif/TreeGif/Low Poly Style Tree Pack_14_0.gif"
"originalGif/TreeGif/low poly tree mobile version_117_0.gif","originalGif/TreeGif/low poly tree mobile version_86_0.gif","originalGif/TreeGif/Low Poly Forest - Karelia_68_0.gif"
"originalGif/TreeGif/low poly tree mobile version_33_0.gif","originalGif/TreeGif/low poly tree mobile version_5_0.gif","originalGif/TreeGif/Low Poly Forest - Karelia_14_0.gif"
"originalGif/TreeGif/low poly tree mobile version_2_0.gif","originalGif/TreeGif/low poly tree mobile version_33_0.gif","originalGif/TreeGif/Low Poly Tree Pack_8_0.gif"
"originalGif/TreeGif/low poly tree mobile version_40_0.gif","originalGif/TreeGif/low poly tree mobile version_86_0.gif","originalGif/TreeGif/Low Poly Nature Environment Pack_6_0.gif"
"originalGif/TreeGif/low poly tree mobile version_79_0.gif","originalGif/TreeGif/low poly tree mobile version_91_0.gif","originalGif/TreeGif/LOW POLY TREES SEASONS_52_0.gif"
"originalGif/TreeGif/low poly tree mobile version_5_0.gif","originalGif/TreeGif/low poly tree mobile version_61_0.gif","originalGif/TreeGif/LOW POLY TREES SEASONS_55_0.gif"
"originalGif/TreeGif/low poly tree mobile version_30_0.gif","originalGif/TreeGif/low poly tree mobile version_62_0.gif","originalGif/TreeGif/LOW POLY TREES SEASONS_75_0.gif"
"originalGif/TreeGif/low poly tree mobile version_64_0.gif","originalGif/TreeGif/low poly tree mobile version_70_0.gif","originalGif/TreeGif/Low Poly Forest - Karelia_30_0.gif"
"originalGif/TreeGif/low poly tree mobile version_40_0.gif","originalGif/TreeGif/low poly tree mobile version_62_0.gif","originalGif/TreeGif/Trees and Stumps_13_0.gif"
"originalGif/TreeGif/low poly tree mobile version_29_0.gif","originalGif/TreeGif/low poly tree mobile version_47_0.gif","originalGif/TreeGif/Low Poly Forest - Karelia_4_0.gif"
"originalGif/TreeGif/low poly tree mobile version_119_0.gif","originalGif/TreeGif/low poly tree mobile version_56_0.gif","originalGif/TreeGif/LOW POLY TREES SEASONS_81_0.gif"
"originalGif/TreeGif/low poly tree mobile version_34_0.gif","originalGif/TreeGif/low poly tree mobile version_51_0.gif","originalGif/TreeGif/LOW POLY TREES SEASONS_44_0.gif"
"originalGif/TreeGif/low poly tree mobile version_55_0.gif","originalGif/TreeGif/low poly tree mobile version_95_0.gif","originalGif/TreeGif/Low Poly Nature Environment Pack_38_0.gif"
"originalGif/TreeGif/low poly tree mobile version_104_0.gif","originalGif/TreeGif/low poly tree mobile version_75_0.gif","originalGif/TreeGif/Low Poly Nature Environment Pack_17_0.gif"
"originalGif/TreeGif/low poly tree mobile version_119_0.gif","originalGif/TreeGif/low poly tree mobile version_86_0.gif","originalGif/TreeGif/LOW POLY TREES SEASONS_34_0.gif"
"originalGif/TreeGif/low poly tree mobile version_140_0.gif","originalGif/TreeGif/low poly tree mobile version_31_0.gif","originalGif/TreeGif/Low Poly Tree Pack_19_0.gif"
test,test,test
"originalGif/TreeGif/Low Poly Style Tree Pack_0_0.gif","originalGif/TreeGif/Low Poly Style Tree Pack_4_0.gif","originalGif/TreeGif/low poly tree mobile version_30_0.gif"
"originalGif/TreeGif/Low Poly Style Tree Pack_11_0.gif","originalGif/TreeGif/Low Poly Style Tree Pack_4_0.gif","originalGif/TreeGif/low poly tree mobile version_28_0.gif"
"originalGif/TreeGif/Low Poly Style Tree Pack_2_0.gif","originalGif/TreeGif/Low Poly Style Tree Pack_6_0.gif","originalGif/TreeGif/low poly tree mobile version_105_0.gif"
"originalGif/TreeGif/Low Poly Style Tree Pack_2_0.gif","originalGif/TreeGif/Low Poly Style Tree Pack_5_0.gif","originalGif/TreeGif/low poly tree mobile version_122_0.gif"
"originalGif/TreeGif/Low Poly Style Tree Pack_2_0.gif","originalGif/TreeGif/Low Poly Style Tree Pack_6_0.gif","originalGif/TreeGif/low poly tree mobile version_105_0.gif"
"originalGif/TreeGif/Low Poly Style Tree Pack_2_0.gif","originalGif/TreeGif/Low Poly Style Tree Pack_5_0.gif","originalGif/TreeGif/LOW POLY TREES SEASONS_38_0.gif"
"originalGif/TreeGif/Low Poly Style Tree Pack_5_0.gif","originalGif/TreeGif/Low Poly Style Tree Pack_9_0.gif","originalGif/TreeGif/low poly tree mobile version_75_0.gif"
"originalGif/TreeGif/Low Poly Style Tree Pack_16_0.gif","originalGif/TreeGif/Low Poly Style Tree Pack_6_0.gif","originalGif/TreeGif/low poly tree mobile version_56_0.gif"
"originalGif/TreeGif/Low Poly Style Tree Pack_2_0.gif","originalGif/TreeGif/Low Poly Style Tree Pack_6_0.gif","originalGif/TreeGif/low poly tree mobile version_90_0.gif"
"originalGif/TreeGif/Low Poly Style Tree Pack_7_0.gif","originalGif/TreeGif/Low Poly Style Tree Pack_8_0.gif","originalGif/TreeGif/Low Poly Forest - Karelia_57_0.gif"
"originalGif/TreeGif/Low Poly Style Tree Pack_2_0.gif","originalGif/TreeGif/Low Poly Style Tree Pack_5_0.gif","originalGif/TreeGif/LOW POLY TREES SEASONS_15_0.gif"
"originalGif/TreeGif/Low Poly Style Tree Pack_13_0.gif","originalGif/TreeGif/Low Poly Style Tree Pack_2_0.gif","originalGif/TreeGif/low poly tree mobile version_61_0.gif"
"originalGif/TreeGif/Low Poly Style Tree Pack_14_0.gif","originalGif/TreeGif/Low Poly Style Tree Pack_1_0.gif","originalGif/TreeGif/LOW POLY TREES SEASONS_28_0.gif"
"originalGif/TreeGif/Low Poly Style Tree Pack_4_0.gif","originalGif/TreeGif/Low Poly Style Tree Pack_9_0.gif","originalGif/TreeGif/LOW POLY TREES SEASONS_83_0.gif"
"originalGif/TreeGif/Low Poly Style Tree Pack_0_0.gif","originalGif/TreeGif/Low Poly Style Tree Pack_11_0.gif","originalGif/TreeGif/LOW POLY TREES SEASONS_26_0.gif"
"originalGif/TreeGif/Low Poly Style Tree Pack_3_0.gif","originalGif/TreeGif/Low Poly Style Tree Pack_4_0.gif","originalGif/TreeGif/low poly tree mobile version_107_0.gif"
"originalGif/TreeGif/Low Poly Style Tree Pack_2_0.gif","originalGif/TreeGif/Low Poly Style Tree Pack_3_0.gif","originalGif/TreeGif/Low Poly Tree Pack_11_0.gif"
"originalGif/TreeGif/LOW POLY TREES SEASONS_33_0.gif","originalGif/TreeGif/LOW POLY TREES SEASONS_72_0.gif","originalGif/TreeGif/low poly tree mobile version_64_0.gif"
"originalGif/TreeGif/LOW POLY TREES SEASONS_11_0.gif","originalGif/TreeGif/LOW POLY TREES SEASONS_30_0.gif","originalGif/TreeGif/low poly tree mobile version_19_0.gif"
"originalGif/TreeGif/LOW POLY TREES SEASONS_18_0.gif","originalGif/TreeGif/LOW POLY TREES SEASONS_5_0.gif","originalGif/TreeGif/low poly tree mobile version_83_0.gif"
"originalGif/TreeGif/LOW POLY TREES SEASONS_65_0.gif","originalGif/TreeGif/LOW POLY TREES SEASONS_77_0.gif","originalGif/TreeGif/Low Poly Tree Pack_8_0.gif"
"originalGif/TreeGif/LOW POLY TREES SEASONS_20_0.gif","originalGif/TreeGif/LOW POLY TREES SEASONS_46_0.gif","originalGif/TreeGif/low poly tree mobile version_30_0.gif"
"originalGif/TreeGif/LOW POLY TREES SEASONS_25_0.gif","originalGif/TreeGif/LOW POLY TREES SEASONS_47_0.gif","originalGif/TreeGif/low poly tree mobile version_130_0.gif"
"originalGif/TreeGif/LOW POLY TREES SEASONS_48_0.gif","originalGif/TreeGif/LOW POLY TREES SEASONS_79_0.gif","originalGif/TreeGif/low poly tree mobile version_124_0.gif"
"originalGif/TreeGif/LOW POLY TREES SEASONS_53_0.gif","originalGif/TreeGif/LOW POLY TREES SEASONS_81_0.gif","originalGif/TreeGif/low poly tree mobile version_119_0.gif"
"originalGif/TreeGif/LOW POLY TREES SEASONS_76_0.gif","originalGif/TreeGif/LOW POLY TREES SEASONS_8_0.gif","originalGif/TreeGif/Low Poly Forest - Karelia_14_0.gif"
"originalGif/TreeGif/Trees Bundle_26_0.gif","originalGif/TreeGif/Trees Bundle_31_0.gif","originalGif/TreeGif/White Ash Tree Pack_0_0.gif"
"originalGif/TreeGif/Trees Bundle_46_0.gif","originalGif/TreeGif/Trees Bundle_54_0.gif",originalGif/TreeGif/Trees_27_0.gif
"originalGif/TreeGif/Trees Bundle_1_0.gif","originalGif/TreeGif/Trees Bundle_45_0.gif",originalGif/TreeGif/Trees_47_0.gif
"originalGif/TreeGif/Trees Bundle_15_0.gif","originalGif/TreeGif/Trees Bundle_30_0.gif",originalGif/TreeGif/Trees_43_0.gif
originalGif/TreeGif/Trees_26_0.gif,originalGif/TreeGif/Trees_2_0.gif,"originalGif/TreeGif/Trees Bundle_22_0.gif"
"originalGif/TreeGif/White Ash Tree Pack_13_0.gif","originalGif/TreeGif/White Ash Tree Pack_4_0.gif","originalGif/TreeGif/Bamboo Tree Pack_1_0.gif"
"originalGif/TreeGif/White Ash Tree Pack_11_0.gif","originalGif/TreeGif/White Ash Tree Pack_12_0.gif",originalGif/TreeGif/Trees_16_0.gif
"originalGif/TreeGif/White Ash Tree Pack_6_0.gif","originalGif/TreeGif/White Ash Tree Pack_9_0.gif","originalGif/TreeGif/Realistic Tree 8_4_0.gif"
"originalGif/TreeGif/White Ash Tree Pack_5_0.gif","originalGif/TreeGif/White Ash Tree Pack_8_0.gif","originalGif/TreeGif/Realistic Tree 8_4_0.gif"
"originalGif/TreeGif/White Ash Tree Pack_13_0.gif","originalGif/TreeGif/White Ash Tree Pack_3_0.gif",originalGif/TreeGif/Trees_11_0.gif
"originalGif/TreeGif/White Ash Tree Pack_2_0.gif","originalGif/TreeGif/White Ash Tree Pack_6_0.gif","originalGif/TreeGif/Trees and Stumps_7_0.gif"
"originalGif/TreeGif/White Ash Tree Pack_4_0.gif","originalGif/TreeGif/White Ash Tree Pack_9_0.gif",originalGif/TreeGif/Trees_25_0.gif
"originalGif/TreeGif/White Ash Tree Pack_0_0.gif","originalGif/TreeGif/White Ash Tree Pack_13_0.gif","originalGif/TreeGif/Trees Bundle_33_0.gif"
"originalGif/TreeGif/Realistic Tree 8_0_0.gif","originalGif/TreeGif/Realistic Tree 8_3_0.gif",originalGif/TreeGif/Trees_49_0.gif
"originalGif/TreeGif/Realistic Tree 8_0_0.gif","originalGif/TreeGif/Realistic Tree 8_3_0.gif","originalGif/TreeGif/Trees Bundle_35_0.gif"
"originalGif/TreeGif/Realistic Tree 8_1_0.gif","originalGif/TreeGif/Realistic Tree 8_2_0.gif",originalGif/TreeGif/Trees_24_0.gif
"originalGif/TreeGif/Fir Tree_0_0.gif","originalGif/TreeGif/Fir Tree_1_0.gif",originalGif/TreeGif/Trees_8_0.gif
"originalGif/TreeGif/Fir Tree_0_0.gif","originalGif/TreeGif/Fir Tree_1_0.gif",originalGif/TreeGif/Trees_20_0.gif
"originalGif/TreeGif/Low Poly Tree Pack_22_0.gif","originalGif/TreeGif/Low Poly Tree Pack_25_0.gif","originalGif/TreeGif/low poly tree mobile version_87_0.gif"
"originalGif/TreeGif/Low Poly Tree Pack_15_0.gif","originalGif/TreeGif/Low Poly Tree Pack_4_0.gif","originalGif/TreeGif/Low Poly Forest - Karelia_99_0.gif"
"originalGif/TreeGif/Low Poly Tree Pack_16_0.gif","originalGif/TreeGif/Low Poly Tree Pack_25_0.gif","originalGif/TreeGif/low poly tree mobile version_131_0.gif"
"originalGif/TreeGif/Low Poly Tree Pack_26_0.gif","originalGif/TreeGif/Low Poly Tree Pack_36_0.gif","originalGif/TreeGif/LOW POLY TREES SEASONS_53_0.gif"
"originalGif/TreeGif/Low Poly Tree Pack_29_0.gif","originalGif/TreeGif/Low Poly Tree Pack_30_0.gif","originalGif/TreeGif/Low Poly Forest - Karelia_67_0.gif"
"originalGif/TreeGif/Low Poly Tree Pack_10_0.gif","originalGif/TreeGif/Low Poly Tree Pack_28_0.gif","originalGif/TreeGif/LOW POLY TREES SEASONS_59_0.gif"
"originalGif/TreeGif/Realistic Trees Pack 01_2_0.gif","originalGif/TreeGif/Realistic Trees Pack 01_3_0.gif",originalGif/TreeGif/Trees_18_0.gif
"originalGif/TreeGif/Realistic Trees Pack 01_2_0.gif","originalGif/TreeGif/Realistic Trees Pack 01_3_0.gif","originalGif/TreeGif/Realistic Tree 8_1_0.gif"
"originalGif/TreeGif/Realistic Trees Pack 01_0_0.gif","originalGif/TreeGif/Realistic Trees Pack 01_1_0.gif",originalGif/TreeGif/Trees_44_0.gif
"originalGif/TreeGif/Realistic Trees Pack 01_0_0.gif","originalGif/TreeGif/Realistic Trees Pack 01_3_0.gif","originalGif/TreeGif/Trees Bundle_29_0.gif"
"originalGif/TreeGif/Realistic Trees Pack 01_2_0.gif","originalGif/TreeGif/Realistic Trees Pack 01_3_0.gif","originalGif/TreeGif/Fir Tree_0_0.gif"
"originalGif/TreeGif/Realistic Trees Pack 01_0_0.gif","originalGif/TreeGif/Realistic Trees Pack 01_1_0.gif",originalGif/TreeGif/Trees_23_0.gif
"originalGif/TreeGif/Realistic Trees Pack 01_1_0.gif","originalGif/TreeGif/Realistic Trees Pack 01_3_0.gif","originalGif/TreeGif/Trees Bundle_47_0.gif"
"originalGif/TreeGif/Realistic Trees Pack 01_1_0.gif","originalGif/TreeGif/Realistic Trees Pack 01_3_0.gif","originalGif/TreeGif/Realistic Tree 8_4_0.gif"
"originalGif/TreeGif/Realistic Trees Pack 01_0_0.gif","originalGif/TreeGif/Realistic Trees Pack 01_3_0.gif","originalGif/TreeGif/Trees Bundle_31_0.gif"
"originalGif/TreeGif/Realistic Trees Pack 01_0_0.gif","originalGif/TreeGif/Realistic Trees Pack 01_3_0.gif","originalGif/TreeGif/Realistic Tree 10_1_0.gif"
"originalGif/TreeGif/Low Poly Forest - Karelia_33_0.gif","originalGif/TreeGif/Low Poly Forest - Karelia_56_0.gif","originalGif/TreeGif/Low Poly Tree Pack_18_0.gif"
"originalGif/TreeGif/Low Poly Forest - Karelia_30_0.gif","originalGif/TreeGif/Low Poly Forest - Karelia_99_0.gif","originalGif/TreeGif/Low Poly Nature Environment Pack_33_0.gif"
"originalGif/TreeGif/Low Poly Forest - Karelia_39_0.gif","originalGif/TreeGif/Low Poly Forest - Karelia_92_0.gif","originalGif/TreeGif/Low Poly Tree Pack_1_0.gif"
"originalGif/TreeGif/Low Poly Forest - Karelia_118_0.gif","originalGif/TreeGif/Low Poly Forest - Karelia_77_0.gif","originalGif/TreeGif/low poly tree mobile version_61_0.gif"
"originalGif/TreeGif/Low Poly Forest - Karelia_104_0.gif","originalGif/TreeGif/Low Poly Forest - Karelia_25_0.gif","originalGif/TreeGif/LOW POLY TREES SEASONS_69_0.gif"
"originalGif/TreeGif/Low Poly Forest - Karelia_23_0.gif","originalGif/TreeGif/Low Poly Forest - Karelia_85_0.gif","originalGif/TreeGif/Low Poly Tree Pack_35_0.gif"
"originalGif/TreeGif/Low Poly Forest - Karelia_0_0.gif","originalGif/TreeGif/Low Poly Forest - Karelia_3_0.gif","originalGif/TreeGif/low poly tree mobile version_11_0.gif"
"originalGif/TreeGif/Low Poly Forest - Karelia_4_0.gif","originalGif/TreeGif/Low Poly Forest - Karelia_83_0.gif","originalGif/TreeGif/LowPoly Trees and Bushes_3_0.gif"
"originalGif/TreeGif/Low Poly Forest - Karelia_112_0.gif","originalGif/TreeGif/Low Poly Forest - Karelia_28_0.gif","originalGif/TreeGif/low poly tree mobile version_50_0.gif"
"originalGif/TreeGif/Low Poly Style Tree Pack_0_0.gif","originalGif/TreeGif/Low Poly Style Tree Pack_4_0.gif","originalGif/TreeGif/low poly tree mobile version_30_0.gif"
"originalGif/TreeGif/Low Poly Forest - Karelia_27_0.gif","originalGif/TreeGif/Low Poly Forest - Karelia_90_0.gif","originalGif/TreeGif/low poly tree mobile version_96_0.gif"
"originalGif/TreeGif/Low Poly Forest - Karelia_113_0.gif","originalGif/TreeGif/Low Poly Forest - Karelia_2_0.gif","originalGif/TreeGif/Low Poly Tree Pack_23_0.gif"
"originalGif/TreeGif/Low Poly Forest - Karelia_37_0.gif","originalGif/TreeGif/Low Poly Forest - Karelia_80_0.gif","originalGif/TreeGif/low poly tree mobile version_125_0.gif"
"originalGif/TreeGif/Low Poly Forest - Karelia_28_0.gif","originalGif/TreeGif/Low Poly Forest - Karelia_8_0.gif","originalGif/TreeGif/low poly tree mobile version_120_0.gif"
"originalGif/TreeGif/Trees and Stumps_0_0.gif","originalGif/TreeGif/Trees and Stumps_7_0.gif","originalGif/TreeGif/Low Poly Tree Pack_19_0.gif"
"originalGif/TreeGif/Trees and Stumps_3_0.gif","originalGif/TreeGif/Trees and Stumps_9_0.gif","originalGif/TreeGif/White Ash Tree Pack_5_0.gif"
"originalGif/TreeGif/Trees and Stumps_1_0.gif","originalGif/TreeGif/Trees and Stumps_8_0.gif","originalGif/TreeGif/Realistic Trees Pack 01_1_0.gif"
"originalGif/TreeGif/Trees and Stumps_10_0.gif","originalGif/TreeGif/Trees and Stumps_1_0.gif",originalGif/TreeGif/Trees_34_0.gif
"originalGif/TreeGif/Trees and Stumps_0_0.gif","originalGif/TreeGif/Trees and Stumps_3_0.gif","originalGif/TreeGif/Trees Bundle_51_0.gif"
"originalGif/TreeGif/Trees and Stumps_7_0.gif","originalGif/TreeGif/Trees and Stumps_9_0.gif","originalGif/TreeGif/low poly tree mobile version_128_0.gif"
"originalGif/TreeGif/Trees and Stumps_15_0.gif","originalGif/TreeGif/Trees and Stumps_1_0.gif","originalGif/TreeGif/Low Poly Nature Environment Pack_20_0.gif"
"originalGif/TreeGif/Trees and Stumps_15_0.gif","originalGif/TreeGif/Trees and Stumps_7_0.gif",originalGif/TreeGif/Trees_38_0.gif
"originalGif/TreeGif/Trees and Stumps_11_0.gif","originalGif/TreeGif/Trees and Stumps_9_0.gif",originalGif/TreeGif/Trees_18_0.gif
"originalGif/TreeGif/Trees and Stumps_13_0.gif","originalGif/TreeGif/Trees and Stumps_5_0.gif",originalGif/TreeGif/Trees_45_0.gif
"originalGif/TreeGif/Trees and Stumps_2_0.gif","originalGif/TreeGif/Trees and Stumps_3_0.gif","originalGif/TreeGif/White Ash Tree Pack_6_0.gif"
"originalGif/TreeGif/Realistic Tree 10_0_0.gif","originalGif/TreeGif/Realistic Tree 10_3_0.gif",originalGif/TreeGif/Trees_25_0.gif
"originalGif/TreeGif/Realistic Tree 10_2_0.gif","originalGif/TreeGif/Realistic Tree 10_4_0.gif",originalGif/TreeGif/Trees_6_0.gif
"originalGif/TreeGif/Low Poly Nature Environment Pack_0_0.gif","originalGif/TreeGif/Low Poly Nature Environment Pack_31_0.gif","originalGif/TreeGif/Free Trees_3_0.gif"
"originalGif/TreeGif/Low Poly Nature Environment Pack_17_0.gif","originalGif/TreeGif/Low Poly Nature Environment Pack_9_0.gif","originalGif/TreeGif/low poly tree mobile version_123_0.gif"
"originalGif/TreeGif/Low Poly Nature Environment Pack_11_0.gif","originalGif/TreeGif/Low Poly Nature Environment Pack_32_0.gif","originalGif/TreeGif/Low Poly Forest - Karelia_96_0.gif"
"originalGif/TreeGif/Low Poly Nature Environment Pack_39_0.gif","originalGif/TreeGif/Low Poly Nature Environment Pack_3_0.gif","originalGif/TreeGif/low poly tree mobile version_95_0.gif"
"originalGif/TreeGif/Low Poly Nature Environment Pack_0_0.gif","originalGif/TreeGif/Low Poly Nature Environment Pack_25_0.gif","originalGif/TreeGif/low poly tree mobile version_128_0.gif"
"originalGif/TreeGif/Low Poly Nature Environment Pack_16_0.gif","originalGif/TreeGif/Low Poly Nature Environment Pack_6_0.gif","originalGif/TreeGif/low poly tree mobile version_81_0.gif"
"originalGif/TreeGif/Low Poly Nature Environment Pack_21_0.gif","originalGif/TreeGif/Low Poly Nature Environment Pack_41_0.gif","originalGif/TreeGif/low poly tree mobile version_130_0.gif"
"originalGif/TreeGif/Low Poly Nature Environment Pack_20_0.gif","originalGif/TreeGif/Low Poly Nature Environment Pack_38_0.gif","originalGif/TreeGif/low poly tree mobile version_104_0.gif"
"originalGif/TreeGif/Low Poly Nature Environment Pack_18_0.gif","originalGif/TreeGif/Low Poly Nature Environment Pack_36_0.gif","originalGif/TreeGif/low poly tree mobile version_69_0.gif"
"originalGif/TreeGif/Low Poly Nature Environment Pack_11_0.gif","originalGif/TreeGif/Low Poly Nature Environment Pack_17_0.gif","originalGif/TreeGif/low poly tree mobile version_121_0.gif"
"originalGif/TreeGif/Low Poly Nature Environment Pack_17_0.gif","originalGif/TreeGif/Low Poly Nature Environment Pack_32_0.gif","originalGif/TreeGif/Low Poly Forest - Karelia_14_0.gif"
"originalGif/TreeGif/Low Poly Nature Environment Pack_0_0.gif","originalGif/TreeGif/Low Poly Nature Environment Pack_28_0.gif","originalGif/TreeGif/LOW POLY TREES SEASONS_6_0.gif"
"originalGif/TreeGif/Low Poly Nature Environment Pack_19_0.gif","originalGif/TreeGif/Low Poly Nature Environment Pack_8_0.gif","originalGif/TreeGif/Low Poly Forest - Karelia_34_0.gif"
"originalGif/TreeGif/Low Poly Nature Environment Pack_14_0.gif","originalGif/TreeGif/Low Poly Nature Environment Pack_2_0.gif","originalGif/TreeGif/low poly tree mobile version_49_0.gif"
"originalGif/TreeGif/Low Poly Nature Environment Pack_18_0.gif","originalGif/TreeGif/Low Poly Nature Environment Pack_22_0.gif","originalGif/TreeGif/Low Poly Forest - Karelia_111_0.gif"
"originalGif/TreeGif/Low Poly Nature Environment Pack_23_0.gif","originalGif/TreeGif/Low Poly Nature Environment Pack_39_0.gif","originalGif/TreeGif/LOW POLY TREES SEASONS_41_0.gif"
"originalGif/TreeGif/Low Poly Nature Environment Pack_28_0.gif","originalGif/TreeGif/Low Poly Nature Environment Pack_42_0.gif","originalGif/TreeGif/Low Poly Style Tree Pack_11_0.gif"
"originalGif/TreeGif/Low Poly Nature Environment Pack_2_0.gif","originalGif/TreeGif/Low Poly Nature Environment Pack_32_0.gif","originalGif/TreeGif/low poly tree mobile version_116_0.gif"
"originalGif/TreeGif/Low Poly Nature Environment Pack_40_0.gif","originalGif/TreeGif/Low Poly Nature Environment Pack_7_0.gif","originalGif/TreeGif/Low Poly Forest - Karelia_2_0.gif"
"originalGif/TreeGif/Low Poly Nature Environment Pack_18_0.gif","originalGif/TreeGif/Low Poly Nature Environment Pack_29_0.gif","originalGif/TreeGif/low poly tree mobile version_53_0.gif"
"originalGif/TreeGif/Low Poly Nature Environment Pack_30_0.gif","originalGif/TreeGif/Low Poly Nature Environment Pack_5_0.gif","originalGif/TreeGif/low poly tree mobile version_140_0.gif"
"originalGif/TreeGif/Low Poly Nature Environment Pack_22_0.gif","originalGif/TreeGif/Low Poly Nature Environment Pack_9_0.gif","originalGif/TreeGif/LOW POLY TREES SEASONS_45_0.gif"
"originalGif/TreeGif/Low Poly Nature Environment Pack_13_0.gif","originalGif/TreeGif/Low Poly Nature Environment Pack_29_0.gif","originalGif/TreeGif/Low Poly Forest - Karelia_51_0.gif"
"originalGif/TreeGif/Free Trees_0_0.gif","originalGif/TreeGif/Free Trees_3_0.gif","originalGif/TreeGif/Low Poly Tree Pack_11_0.gif"
"originalGif/TreeGif/Free Trees_0_0.gif","originalGif/TreeGif/Free Trees_2_0.gif","originalGif/TreeGif/Low Poly Tree Pack_6_0.gif"
"originalGif/TreeGif/Free Trees_0_0.gif","originalGif/TreeGif/Free Trees_1_0.gif","originalGif/TreeGif/Low Poly Nature Environment Pack_39_0.gif"
"originalGif/TreeGif/Tropical Plants - Pack 01_0_0.gif","originalGif/TreeGif/Tropical Plants - Pack 01_3_0.gif","originalGif/TreeGif/Yughues Free Palm Trees_1_0.gif"
"originalGif/TreeGif/Tropical Plants - Pack 01_0_0.gif","originalGif/TreeGif/Tropical Plants - Pack 01_3_0.gif",originalGif/TreeGif/Trees_48_0.gif
"originalGif/TreeGif/low poly tree mobile version_39_0.gif","originalGif/TreeGif/low poly tree mobile version_85_0.gif","originalGif/TreeGif/Low Poly Tree Pack_26_0.gif"
"originalGif/TreeGif/low poly tree mobile version_104_0.gif","originalGif/TreeGif/low poly tree mobile version_69_0.gif","originalGif/TreeGif/LOW POLY TREES SEASONS_16_0.gif"
"originalGif/TreeGif/low poly tree mobile version_119_0.gif","originalGif/TreeGif/low poly tree mobile version_26_0.gif","originalGif/TreeGif/Low Poly Style Tree Pack_9_0.gif"
"originalGif/TreeGif/low poly tree mobile version_25_0.gif","originalGif/TreeGif/low poly tree mobile version_66_0.gif","originalGif/TreeGif/Low Poly Forest - Karelia_44_0.gif"
"originalGif/TreeGif/low poly tree mobile version_131_0.gif","originalGif/TreeGif/low poly tree mobile version_132_0.gif","originalGif/TreeGif/Low Poly Forest - Karelia_44_0.gif"
"originalGif/TreeGif/low poly tree mobile version_117_0.gif","originalGif/TreeGif/low poly tree mobile version_86_0.gif","originalGif/TreeGif/Low Poly Forest - Karelia_68_0.gif"
"originalGif/TreeGif/low poly tree mobile version_122_0.gif","originalGif/TreeGif/low poly tree mobile version_38_0.gif","originalGif/TreeGif/LOW POLY TREES SEASONS_9_0.gif"
"originalGif/TreeGif/low poly tree mobile version_2_0.gif","originalGif/TreeGif/low poly tree mobile version_33_0.gif","originalGif/TreeGif/Low Poly Tree Pack_8_0.gif"
"originalGif/TreeGif/low poly tree mobile version_79_0.gif","originalGif/TreeGif/low poly tree mobile version_91_0.gif","originalGif/TreeGif/LOW POLY TREES SEASONS_52_0.gif"
"originalGif/TreeGif/low poly tree mobile version_30_0.gif","originalGif/TreeGif/low poly tree mobile version_62_0.gif","originalGif/TreeGif/LOW POLY TREES SEASONS_75_0.gif"
"originalGif/TreeGif/low poly tree mobile version_29_0.gif","originalGif/TreeGif/low poly tree mobile version_47_0.gif","originalGif/TreeGif/Low Poly Forest - Karelia_4_0.gif"
"originalGif/TreeGif/low poly tree mobile version_119_0.gif","originalGif/TreeGif/low poly tree mobile version_56_0.gif","originalGif/TreeGif/LOW POLY TREES SEASONS_81_0.gif"
"originalGif/TreeGif/low poly tree mobile version_34_0.gif","originalGif/TreeGif/low poly tree mobile version_51_0.gif","originalGif/TreeGif/LOW POLY TREES SEASONS_44_0.gif"
"originalGif/TreeGif/low poly tree mobile version_55_0.gif","originalGif/TreeGif/low poly tree mobile version_95_0.gif","originalGif/TreeGif/Low Poly Nature Environment Pack_38_0.gif"
"originalGif/TreeGif/low poly tree mobile version_104_0.gif","originalGif/TreeGif/low poly tree mobile version_75_0.gif","originalGif/TreeGif/Low Poly Nature Environment Pack_17_0.gif"
"originalGif/TreeGif/low poly tree mobile version_119_0.gif","originalGif/TreeGif/low poly tree mobile version_86_0.gif","originalGif/TreeGif/LOW POLY TREES SEASONS_34_0.gif"
"originalGif/TreeGif/low poly tree mobile version_140_0.gif","originalGif/TreeGif/low poly tree mobile version_31_0.gif","originalGif/TreeGif/Low Poly Tree Pack_19_0.gif"
"originalGif/TreeGif/low poly tree mobile version_119_0.gif","originalGif/TreeGif/low poly tree mobile version_69_0.gif","originalGif/TreeGif/LowPoly Trees and Bushes_9_0.gif"
test,test,test
"originalGif/TreeGif/Low Poly Style Tree Pack_11_0.gif","originalGif/TreeGif/Low Poly Style Tree Pack_4_0.gif","originalGif/TreeGif/low poly tree mobile version_28_0.gif"
"originalGif/TreeGif/Low Poly Style Tree Pack_16_0.gif","originalGif/TreeGif/Low Poly Style Tree Pack_6_0.gif","originalGif/TreeGif/Low Poly Forest - Karelia_60_0.gif"
"originalGif/TreeGif/Low Poly Forest - Karelia_108_0.gif","originalGif/TreeGif/Low Poly Forest - Karelia_72_0.gif","originalGif/TreeGif/Low Poly Tree Pack_5_0.gif"
"originalGif/TreeGif/Low Poly Style Tree Pack_2_0.gif","originalGif/TreeGif/Low Poly Style Tree Pack_5_0.gif","originalGif/TreeGif/low poly tree mobile version_122_0.gif"
"originalGif/TreeGif/Low Poly Style Tree Pack_16_0.gif","originalGif/TreeGif/Low Poly Style Tree Pack_6_0.gif","originalGif/TreeGif/Low Poly Forest - Karelia_60_0.gif"
"originalGif/TreeGif/Low Poly Style Tree Pack_2_0.gif","originalGif/TreeGif/Low Poly Style Tree Pack_5_0.gif","originalGif/TreeGif/LOW POLY TREES SEASONS_38_0.gif"
"originalGif/TreeGif/Low Poly Style Tree Pack_5_0.gif","originalGif/TreeGif/Low Poly Style Tree Pack_9_0.gif","originalGif/TreeGif/low poly tree mobile version_75_0.gif"
"originalGif/TreeGif/Low Poly Style Tree Pack_16_0.gif","originalGif/TreeGif/Low Poly Style Tree Pack_6_0.gif","originalGif/TreeGif/low poly tree mobile version_56_0.gif"
"originalGif/TreeGif/Low Poly Style Tree Pack_2_0.gif","originalGif/TreeGif/Low Poly Style Tree Pack_6_0.gif","originalGif/TreeGif/low poly tree mobile version_90_0.gif"
"originalGif/TreeGif/Low Poly Style Tree Pack_7_0.gif","originalGif/TreeGif/Low Poly Style Tree Pack_8_0.gif","originalGif/TreeGif/Low Poly Forest - Karelia_57_0.gif"
"originalGif/TreeGif/Low Poly Style Tree Pack_2_0.gif","originalGif/TreeGif/Low Poly Style Tree Pack_5_0.gif","originalGif/TreeGif/LOW POLY TREES SEASONS_15_0.gif"
"originalGif/TreeGif/Low Poly Style Tree Pack_13_0.gif","originalGif/TreeGif/Low Poly Style Tree Pack_2_0.gif","originalGif/TreeGif/low poly tree mobile version_61_0.gif"
"originalGif/TreeGif/Low Poly Style Tree Pack_14_0.gif","originalGif/TreeGif/Low Poly Style Tree Pack_1_0.gif","originalGif/TreeGif/LOW POLY TREES SEASONS_28_0.gif"
"originalGif/TreeGif/Low Poly Style Tree Pack_4_0.gif","originalGif/TreeGif/Low Poly Style Tree Pack_9_0.gif","originalGif/TreeGif/LOW POLY TREES SEASONS_83_0.gif"
"originalGif/TreeGif/Low Poly Style Tree Pack_0_0.gif","originalGif/TreeGif/Low Poly Style Tree Pack_11_0.gif","originalGif/TreeGif/LOW POLY TREES SEASONS_26_0.gif"
"originalGif/TreeGif/Low Poly Style Tree Pack_3_0.gif","originalGif/TreeGif/Low Poly Style Tree Pack_4_0.gif","originalGif/TreeGif/low poly tree mobile version_107_0.gif"
"originalGif/TreeGif/Low Poly Style Tree Pack_2_0.gif","originalGif/TreeGif/Low Poly Style Tree Pack_3_0.gif","originalGif/TreeGif/Low Poly Tree Pack_11_0.gif"
"originalGif/TreeGif/LOW POLY TREES SEASONS_33_0.gif","originalGif/TreeGif/LOW POLY TREES SEASONS_72_0.gif","originalGif/TreeGif/low poly tree mobile version_64_0.gif"
"originalGif/TreeGif/LOW POLY TREES SEASONS_11_0.gif","originalGif/TreeGif/LOW POLY TREES SEASONS_30_0.gif","originalGif/TreeGif/low poly tree mobile version_19_0.gif"
"originalGif/TreeGif/LOW POLY TREES SEASONS_18_0.gif","originalGif/TreeGif/LOW POLY TREES SEASONS_5_0.gif","originalGif/TreeGif/low poly tree mobile version_83_0.gif"
"originalGif/TreeGif/LOW POLY TREES SEASONS_65_0.gif","originalGif/TreeGif/LOW POLY TREES SEASONS_77_0.gif","originalGif/TreeGif/Low Poly Tree Pack_8_0.gif"
"originalGif/TreeGif/LOW POLY TREES SEASONS_20_0.gif","originalGif/TreeGif/LOW POLY TREES SEASONS_46_0.gif","originalGif/TreeGif/low poly tree mobile version_30_0.gif"
"originalGif/TreeGif/LOW POLY TREES SEASONS_25_0.gif","originalGif/TreeGif/LOW POLY TREES SEASONS_47_0.gif","originalGif/TreeGif/low poly tree mobile version_130_0.gif"
"originalGif/TreeGif/LOW POLY TREES SEASONS_48_0.gif","originalGif/TreeGif/LOW POLY TREES SEASONS_79_0.gif","originalGif/TreeGif/low poly tree mobile version_124_0.gif"
"originalGif/TreeGif/LOW POLY TREES SEASONS_53_0.gif","originalGif/TreeGif/LOW POLY TREES SEASONS_81_0.gif","originalGif/TreeGif/low poly tree mobile version_119_0.gif"
"originalGif/TreeGif/LOW POLY TREES SEASONS_76_0.gif","originalGif/TreeGif/LOW POLY TREES SEASONS_8_0.gif","originalGif/TreeGif/Low Poly Forest - Karelia_14_0.gif"
"originalGif/TreeGif/Trees Bundle_26_0.gif","originalGif/TreeGif/Trees Bundle_31_0.gif","originalGif/TreeGif/White Ash Tree Pack_0_0.gif"
"originalGif/TreeGif/Trees Bundle_46_0.gif","originalGif/TreeGif/Trees Bundle_54_0.gif",originalGif/TreeGif/Trees_27_0.gif
"originalGif/TreeGif/Trees Bundle_1_0.gif","originalGif/TreeGif/Trees Bundle_45_0.gif",originalGif/TreeGif/Trees_47_0.gif
"originalGif/TreeGif/Trees Bundle_15_0.gif","originalGif/TreeGif/Trees Bundle_30_0.gif",originalGif/TreeGif/Trees_43_0.gif
originalGif/TreeGif/Trees_26_0.gif,originalGif/TreeGif/Trees_2_0.gif,"originalGif/TreeGif/Trees Bundle_22_0.gif"
"originalGif/TreeGif/White Ash Tree Pack_13_0.gif","originalGif/TreeGif/White Ash Tree Pack_4_0.gif","originalGif/TreeGif/Bamboo Tree Pack_1_0.gif"
"originalGif/TreeGif/White Ash Tree Pack_11_0.gif","originalGif/TreeGif/White Ash Tree Pack_12_0.gif",originalGif/TreeGif/Trees_16_0.gif
"originalGif/TreeGif/White Ash Tree Pack_6_0.gif","originalGif/TreeGif/White Ash Tree Pack_9_0.gif","originalGif/TreeGif/Realistic Tree 8_4_0.gif"
"originalGif/TreeGif/White Ash Tree Pack_5_0.gif","originalGif/TreeGif/White Ash Tree Pack_8_0.gif","originalGif/TreeGif/Realistic Tree 8_4_0.gif"
"originalGif/TreeGif/White Ash Tree Pack_13_0.gif","originalGif/TreeGif/White Ash Tree Pack_3_0.gif",originalGif/TreeGif/Trees_11_0.gif
"originalGif/TreeGif/White Ash Tree Pack_2_0.gif","originalGif/TreeGif/White Ash Tree Pack_6_0.gif","originalGif/TreeGif/Trees and Stumps_7_0.gif"
"originalGif/TreeGif/White Ash Tree Pack_4_0.gif","originalGif/TreeGif/White Ash Tree Pack_9_0.gif",originalGif/TreeGif/Trees_25_0.gif
"originalGif/TreeGif/White Ash Tree Pack_0_0.gif","originalGif/TreeGif/White Ash Tree Pack_13_0.gif","originalGif/TreeGif/Trees Bundle_33_0.gif"
"originalGif/TreeGif/Realistic Tree 8_0_0.gif","originalGif/TreeGif/Realistic Tree 8_3_0.gif",originalGif/TreeGif/Trees_49_0.gif
"originalGif/TreeGif/Realistic Tree 8_0_0.gif","originalGif/TreeGif/Realistic Tree 8_3_0.gif","originalGif/TreeGif/Trees Bundle_35_0.gif"
"originalGif/TreeGif/Realistic Tree 8_1_0.gif","originalGif/TreeGif/Realistic Tree 8_2_0.gif",originalGif/TreeGif/Trees_24_0.gif
"originalGif/TreeGif/Fir Tree_0_0.gif","originalGif/TreeGif/Fir Tree_1_0.gif",originalGif/TreeGif/Trees_8_0.gif
"originalGif/TreeGif/Fir Tree_0_0.gif","originalGif/TreeGif/Fir Tree_1_0.gif",originalGif/TreeGif/Trees_20_0.gif
"originalGif/TreeGif/Low Poly Tree Pack_22_0.gif","originalGif/TreeGif/Low Poly Tree Pack_25_0.gif","originalGif/TreeGif/low poly tree mobile version_87_0.gif"
"originalGif/TreeGif/Low Poly Tree Pack_15_0.gif","originalGif/TreeGif/Low Poly Tree Pack_4_0.gif","originalGif/TreeGif/Low Poly Forest - Karelia_99_0.gif"
"originalGif/TreeGif/Low Poly Tree Pack_16_0.gif","originalGif/TreeGif/Low Poly Tree Pack_25_0.gif","originalGif/TreeGif/low poly tree mobile version_131_0.gif"
"originalGif/TreeGif/Low Poly Tree Pack_26_0.gif","originalGif/TreeGif/Low Poly Tree Pack_36_0.gif","originalGif/TreeGif/LOW POLY TREES SEASONS_53_0.gif"
"originalGif/TreeGif/Low Poly Tree Pack_29_0.gif","originalGif/TreeGif/Low Poly Tree Pack_30_0.gif","originalGif/TreeGif/Low Poly Forest - Karelia_67_0.gif"
"originalGif/TreeGif/Low Poly Tree Pack_10_0.gif","originalGif/TreeGif/Low Poly Tree Pack_28_0.gif","originalGif/TreeGif/LOW POLY TREES SEASONS_59_0.gif"
"originalGif/TreeGif/Realistic Trees Pack 01_2_0.gif","originalGif/TreeGif/Realistic Trees Pack 01_3_0.gif",originalGif/TreeGif/Trees_18_0.gif
"originalGif/TreeGif/Realistic Trees Pack 01_2_0.gif","originalGif/TreeGif/Realistic Trees Pack 01_3_0.gif","originalGif/TreeGif/Realistic Tree 8_1_0.gif"
"originalGif/TreeGif/Realistic Trees Pack 01_0_0.gif","originalGif/TreeGif/Realistic Trees Pack 01_1_0.gif",originalGif/TreeGif/Trees_44_0.gif
"originalGif/TreeGif/Realistic Trees Pack 01_0_0.gif","originalGif/TreeGif/Realistic Trees Pack 01_3_0.gif","originalGif/TreeGif/Trees Bundle_29_0.gif"
"originalGif/TreeGif/Realistic Trees Pack 01_2_0.gif","originalGif/TreeGif/Realistic Trees Pack 01_3_0.gif","originalGif/TreeGif/Fir Tree_0_0.gif"
"originalGif/TreeGif/Realistic Trees Pack 01_0_0.gif","originalGif/TreeGif/Realistic Trees Pack 01_1_0.gif",originalGif/TreeGif/Trees_23_0.gif
"originalGif/TreeGif/Realistic Trees Pack 01_1_0.gif","originalGif/TreeGif/Realistic Trees Pack 01_3_0.gif","originalGif/TreeGif/Trees Bundle_47_0.gif"
"originalGif/TreeGif/Realistic Trees Pack 01_1_0.gif","originalGif/TreeGif/Realistic Trees Pack 01_3_0.gif","originalGif/TreeGif/Realistic Tree 8_4_0.gif"
"originalGif/TreeGif/Realistic Trees Pack 01_0_0.gif","originalGif/TreeGif/Realistic Trees Pack 01_3_0.gif","originalGif/TreeGif/Trees Bundle_31_0.gif"
"originalGif/TreeGif/Realistic Trees Pack 01_0_0.gif","originalGif/TreeGif/Realistic Trees Pack 01_3_0.gif","originalGif/TreeGif/Realistic Tree 10_1_0.gif"
"originalGif/TreeGif/Low Poly Forest - Karelia_33_0.gif","originalGif/TreeGif/Low Poly Forest - Karelia_56_0.gif","originalGif/TreeGif/Low Poly Tree Pack_18_0.gif"
"originalGif/TreeGif/Low Poly Forest - Karelia_30_0.gif","originalGif/TreeGif/Low Poly Forest - Karelia_99_0.gif","originalGif/TreeGif/Low Poly Nature Environment Pack_33_0.gif"
"originalGif/TreeGif/Low Poly Forest - Karelia_39_0.gif","originalGif/TreeGif/Low Poly Forest - Karelia_92_0.gif","originalGif/TreeGif/Low Poly Tree Pack_1_0.gif"
"originalGif/TreeGif/Low Poly Forest - Karelia_118_0.gif","originalGif/TreeGif/Low Poly Forest - Karelia_77_0.gif","originalGif/TreeGif/low poly tree mobile version_61_0.gif"
"originalGif/TreeGif/Low Poly Forest - Karelia_104_0.gif","originalGif/TreeGif/Low Poly Forest - Karelia_25_0.gif","originalGif/TreeGif/LOW POLY TREES SEASONS_69_0.gif"
"originalGif/TreeGif/Low Poly Forest - Karelia_23_0.gif","originalGif/TreeGif/Low Poly Forest - Karelia_85_0.gif","originalGif/TreeGif/Low Poly Tree Pack_35_0.gif"
"originalGif/TreeGif/Low Poly Forest - Karelia_0_0.gif","originalGif/TreeGif/Low Poly Forest - Karelia_3_0.gif","originalGif/TreeGif/low poly tree mobile version_11_0.gif"
"originalGif/TreeGif/Low Poly Forest - Karelia_4_0.gif","originalGif/TreeGif/Low Poly Forest - Karelia_83_0.gif","originalGif/TreeGif/LowPoly Trees and Bushes_3_0.gif"
"originalGif/TreeGif/Low Poly Forest - Karelia_112_0.gif","originalGif/TreeGif/Low Poly Forest - Karelia_28_0.gif","originalGif/TreeGif/low poly tree mobile version_50_0.gif"
"originalGif/TreeGif/Low Poly Forest - Karelia_108_0.gif","originalGif/TreeGif/Low Poly Forest - Karelia_72_0.gif","originalGif/TreeGif/Low Poly Tree Pack_5_0.gif"
"originalGif/TreeGif/Low Poly Forest - Karelia_27_0.gif","originalGif/TreeGif/Low Poly Forest - Karelia_90_0.gif","originalGif/TreeGif/low poly tree mobile version_96_0.gif"
"originalGif/TreeGif/Low Poly Forest - Karelia_113_0.gif","originalGif/TreeGif/Low Poly Forest - Karelia_2_0.gif","originalGif/TreeGif/Low Poly Tree Pack_23_0.gif"
"originalGif/TreeGif/Low Poly Forest - Karelia_37_0.gif","originalGif/TreeGif/Low Poly Forest - Karelia_80_0.gif","originalGif/TreeGif/low poly tree mobile version_125_0.gif"
"originalGif/TreeGif/Low Poly Forest - Karelia_28_0.gif","originalGif/TreeGif/Low Poly Forest - Karelia_8_0.gif","originalGif/TreeGif/low poly tree mobile version_120_0.gif"
"originalGif/TreeGif/Trees and Stumps_0_0.gif","originalGif/TreeGif/Trees and Stumps_7_0.gif","originalGif/TreeGif/Low Poly Tree Pack_19_0.gif"
"originalGif/TreeGif/Trees and Stumps_3_0.gif","originalGif/TreeGif/Trees and Stumps_9_0.gif","originalGif/TreeGif/White Ash Tree Pack_5_0.gif"
"originalGif/TreeGif/Trees and Stumps_1_0.gif","originalGif/TreeGif/Trees and Stumps_8_0.gif","originalGif/TreeGif/Realistic Trees Pack 01_1_0.gif"
"originalGif/TreeGif/Trees and Stumps_10_0.gif","originalGif/TreeGif/Trees and Stumps_1_0.gif",originalGif/TreeGif/Trees_34_0.gif
"originalGif/TreeGif/Trees and Stumps_0_0.gif","originalGif/TreeGif/Trees and Stumps_3_0.gif","originalGif/TreeGif/Trees Bundle_51_0.gif"
"originalGif/TreeGif/Trees and Stumps_7_0.gif","originalGif/TreeGif/Trees and Stumps_9_0.gif","originalGif/TreeGif/low poly tree mobile version_128_0.gif"
"originalGif/TreeGif/Trees and Stumps_15_0.gif","originalGif/TreeGif/Trees and Stumps_1_0.gif","originalGif/TreeGif/Low Poly Nature Environment Pack_20_0.gif"
"originalGif/TreeGif/Trees and Stumps_15_0.gif","originalGif/TreeGif/Trees and Stumps_7_0.gif",originalGif/TreeGif/Trees_38_0.gif
"originalGif/TreeGif/Trees and Stumps_11_0.gif","originalGif/TreeGif/Trees and Stumps_9_0.gif",originalGif/TreeGif/Trees_18_0.gif
"originalGif/TreeGif/Trees and Stumps_13_0.gif","originalGif/TreeGif/Trees and Stumps_5_0.gif",originalGif/TreeGif/Trees_45_0.gif
"originalGif/TreeGif/Trees and Stumps_2_0.gif","originalGif/TreeGif/Trees and Stumps_3_0.gif","originalGif/TreeGif/White Ash Tree Pack_6_0.gif"
"originalGif/TreeGif/Realistic Tree 10_0_0.gif","originalGif/TreeGif/Realistic Tree 10_3_0.gif",originalGif/TreeGif/Trees_25_0.gif
"originalGif/TreeGif/Realistic Tree 10_2_0.gif","originalGif/TreeGif/Realistic Tree 10_4_0.gif",originalGif/TreeGif/Trees_6_0.gif
"originalGif/TreeGif/Low Poly Nature Environment Pack_0_0.gif","originalGif/TreeGif/Low Poly Nature Environment Pack_31_0.gif","originalGif/TreeGif/Free Trees_3_0.gif"
"originalGif/TreeGif/Low Poly Nature Environment Pack_17_0.gif","originalGif/TreeGif/Low Poly Nature Environment Pack_9_0.gif","originalGif/TreeGif/low poly tree mobile version_123_0.gif"
"originalGif/TreeGif/Low Poly Nature Environment Pack_11_0.gif","originalGif/TreeGif/Low Poly Nature Environment Pack_32_0.gif","originalGif/TreeGif/Low Poly Forest - Karelia_96_0.gif"
"originalGif/TreeGif/Low Poly Nature Environment Pack_39_0.gif","originalGif/TreeGif/Low Poly Nature Environment Pack_3_0.gif","originalGif/TreeGif/low poly tree mobile version_95_0.gif"
"originalGif/TreeGif/Low Poly Nature Environment Pack_0_0.gif","originalGif/TreeGif/Low Poly Nature Environment Pack_25_0.gif","originalGif/TreeGif/low poly tree mobile version_128_0.gif"
"originalGif/TreeGif/Low Poly Nature Environment Pack_16_0.gif","originalGif/TreeGif/Low Poly Nature Environment Pack_6_0.gif","originalGif/TreeGif/low poly tree mobile version_81_0.gif"
"originalGif/TreeGif/Low Poly Nature Environment Pack_21_0.gif","originalGif/TreeGif/Low Poly Nature Environment Pack_41_0.gif","originalGif/TreeGif/low poly tree mobile version_130_0.gif"
"originalGif/TreeGif/Low Poly Nature Environment Pack_20_0.gif","originalGif/TreeGif/Low Poly Nature Environment Pack_38_0.gif","originalGif/TreeGif/low poly tree mobile version_104_0.gif"
"originalGif/TreeGif/Low Poly Nature Environment Pack_18_0.gif","originalGif/TreeGif/Low Poly Nature Environment Pack_36_0.gif","originalGif/TreeGif/low poly tree mobile version_69_0.gif"
"originalGif/TreeGif/Low Poly Nature Environment Pack_11_0.gif","originalGif/TreeGif/Low Poly Nature Environment Pack_17_0.gif","originalGif/TreeGif/low poly tree mobile version_121_0.gif"
"originalGif/TreeGif/Low Poly Nature Environment Pack_17_0.gif","originalGif/TreeGif/Low Poly Nature Environment Pack_32_0.gif","originalGif/TreeGif/Low Poly Forest - Karelia_14_0.gif"
"originalGif/TreeGif/Low Poly Nature Environment Pack_0_0.gif","originalGif/TreeGif/Low Poly Nature Environment Pack_28_0.gif","originalGif/TreeGif/LOW POLY TREES SEASONS_6_0.gif"
"originalGif/TreeGif/Low Poly Nature Environment Pack_19_0.gif","originalGif/TreeGif/Low Poly Nature Environment Pack_8_0.gif","originalGif/TreeGif/Low Poly Forest - Karelia_34_0.gif"
"originalGif/TreeGif/Low Poly Nature Environment Pack_14_0.gif","originalGif/TreeGif/Low Poly Nature Environment Pack_2_0.gif","originalGif/TreeGif/low poly tree mobile version_49_0.gif"
"originalGif/TreeGif/Low Poly Nature Environment Pack_18_0.gif","originalGif/TreeGif/Low Poly Nature Environment Pack_22_0.gif","originalGif/TreeGif/Low Poly Forest - Karelia_111_0.gif"
"originalGif/TreeGif/Low Poly Nature Environment Pack_23_0.gif","originalGif/TreeGif/Low Poly Nature Environment Pack_39_0.gif","originalGif/TreeGif/LOW POLY TREES SEASONS_41_0.gif"
"originalGif/TreeGif/Low Poly Nature Environment Pack_28_0.gif","originalGif/TreeGif/Low Poly Nature Environment Pack_42_0.gif","originalGif/TreeGif/Low Poly Style Tree Pack_11_0.gif"
"originalGif/TreeGif/Low Poly Nature Environment Pack_2_0.gif","originalGif/TreeGif/Low Poly Nature Environment Pack_32_0.gif","originalGif/TreeGif/low poly tree mobile version_116_0.gif"
"originalGif/TreeGif/Low Poly Nature Environment Pack_40_0.gif","originalGif/TreeGif/Low Poly Nature Environment Pack_7_0.gif","originalGif/TreeGif/Low Poly Forest - Karelia_2_0.gif"
"originalGif/TreeGif/Low Poly Nature Environment Pack_18_0.gif","originalGif/TreeGif/Low Poly Nature Environment Pack_29_0.gif","originalGif/TreeGif/low poly tree mobile version_53_0.gif"
"originalGif/TreeGif/Low Poly Nature Environment Pack_30_0.gif","originalGif/TreeGif/Low Poly Nature Environment Pack_5_0.gif","originalGif/TreeGif/low poly tree mobile version_140_0.gif"
"originalGif/TreeGif/Low Poly Nature Environment Pack_22_0.gif","originalGif/TreeGif/Low Poly Nature Environment Pack_9_0.gif","originalGif/TreeGif/LOW POLY TREES SEASONS_45_0.gif"
"originalGif/TreeGif/Low Poly Nature Environment Pack_13_0.gif","originalGif/TreeGif/Low Poly Nature Environment Pack_29_0.gif","originalGif/TreeGif/Low Poly Forest - Karelia_51_0.gif"
"originalGif/TreeGif/Free Trees_0_0.gif","originalGif/TreeGif/Free Trees_3_0.gif","originalGif/TreeGif/Low Poly Tree Pack_11_0.gif"
"originalGif/TreeGif/Free Trees_0_0.gif","originalGif/TreeGif/Free Trees_2_0.gif","originalGif/TreeGif/Low Poly Tree Pack_6_0.gif"
"originalGif/TreeGif/Free Trees_0_0.gif","originalGif/TreeGif/Free Trees_1_0.gif","originalGif/TreeGif/Low Poly Nature Environment Pack_39_0.gif"
"originalGif/TreeGif/Tropical Plants - Pack 01_0_0.gif","originalGif/TreeGif/Tropical Plants - Pack 01_3_0.gif","originalGif/TreeGif/Yughues Free Palm Trees_1_0.gif"
"originalGif/TreeGif/Tropical Plants - Pack 01_0_0.gif","originalGif/TreeGif/Tropical Plants - Pack 01_3_0.gif",originalGif/TreeGif/Trees_48_0.gif
"originalGif/TreeGif/low poly tree mobile version_39_0.gif","originalGif/TreeGif/low poly tree mobile version_85_0.gif","originalGif/TreeGif/Low Poly Tree Pack_26_0.gif"
"originalGif/TreeGif/low poly tree mobile version_104_0.gif","originalGif/TreeGif/low poly tree mobile version_69_0.gif","originalGif/TreeGif/LOW POLY TREES SEASONS_16_0.gif"
"originalGif/TreeGif/low poly tree mobile version_119_0.gif","originalGif/TreeGif/low poly tree mobile version_26_0.gif","originalGif/TreeGif/Low Poly Style Tree Pack_9_0.gif"
"originalGif/TreeGif/low poly tree mobile version_25_0.gif","originalGif/TreeGif/low poly tree mobile version_66_0.gif","originalGif/TreeGif/Low Poly Forest - Karelia_44_0.gif"
"originalGif/TreeGif/low poly tree mobile version_131_0.gif","originalGif/TreeGif/low poly tree mobile version_132_0.gif","originalGif/TreeGif/Low Poly Forest - Karelia_44_0.gif"
"originalGif/TreeGif/low poly tree mobile version_117_0.gif","originalGif/TreeGif/low poly tree mobile version_86_0.gif","originalGif/TreeGif/Low Poly Forest - Karelia_68_0.gif"
"originalGif/TreeGif/low poly tree mobile version_122_0.gif","originalGif/TreeGif/low poly tree mobile version_38_0.gif","originalGif/TreeGif/LOW POLY TREES SEASONS_9_0.gif"
"originalGif/TreeGif/Low Poly Style Tree Pack_11_0.gif","originalGif/TreeGif/Low Poly Style Tree Pack_4_0.gif","originalGif/TreeGif/low poly tree mobile version_28_0.gif"
"originalGif/TreeGif/low poly tree mobile version_79_0.gif","originalGif/TreeGif/low poly tree mobile version_91_0.gif","originalGif/TreeGif/LOW POLY TREES SEASONS_52_0.gif"
"originalGif/TreeGif/low poly tree mobile version_30_0.gif","originalGif/TreeGif/low poly tree mobile version_62_0.gif","originalGif/TreeGif/LOW POLY TREES SEASONS_75_0.gif"
"originalGif/TreeGif/low poly tree mobile version_29_0.gif","originalGif/TreeGif/low poly tree mobile version_47_0.gif","originalGif/TreeGif/Low Poly Forest - Karelia_4_0.gif"
"originalGif/TreeGif/low poly tree mobile version_119_0.gif","originalGif/TreeGif/low poly tree mobile version_56_0.gif","originalGif/TreeGif/LOW POLY TREES SEASONS_81_0.gif"
"originalGif/TreeGif/low poly tree mobile version_34_0.gif","originalGif/TreeGif/low poly tree mobile version_51_0.gif","originalGif/TreeGif/LOW POLY TREES SEASONS_44_0.gif"
"originalGif/TreeGif/low poly tree mobile version_55_0.gif","originalGif/TreeGif/low poly tree mobile version_95_0.gif","originalGif/TreeGif/Low Poly Nature Environment Pack_38_0.gif"
"originalGif/TreeGif/low poly tree mobile version_104_0.gif","originalGif/TreeGif/low poly tree mobile version_75_0.gif","originalGif/TreeGif/Low Poly Nature Environment Pack_17_0.gif"
"originalGif/TreeGif/low poly tree mobile version_119_0.gif","originalGif/TreeGif/low poly tree mobile version_86_0.gif","originalGif/TreeGif/LOW POLY TREES SEASONS_34_0.gif"
"originalGif/TreeGif/low poly tree mobile version_140_0.gif","originalGif/TreeGif/low poly tree mobile version_31_0.gif","originalGif/TreeGif/Low Poly Tree Pack_19_0.gif"
"originalGif/TreeGif/low poly tree mobile version_119_0.gif","originalGif/TreeGif/low poly tree mobile version_69_0.gif","originalGif/TreeGif/LowPoly Trees and Bushes_9_0.gif"
test,test,test
"originalGif/TreeGif/low poly tree mobile version_2_0.gif","originalGif/TreeGif/low poly tree mobile version_33_0.gif","originalGif/TreeGif/Low Poly Tree Pack_8_0.gif"
"originalGif/TreeGif/Low Poly Style Tree Pack_2_0.gif","originalGif/TreeGif/Low Poly Style Tree Pack_6_0.gif","originalGif/TreeGif/low poly tree mobile version_105_0.gif"
"originalGif/TreeGif/Low Poly Style Tree Pack_0_0.gif","originalGif/TreeGif/Low Poly Style Tree Pack_4_0.gif","originalGif/TreeGif/low poly tree mobile version_30_0.gif"
